{
  "id": "adventurers-handbook",
  "title": "The Adventurer's Handbook",
  "description": "Feats from The Adventurer's Handbook by James Beck and Luigi Lizza with Eldritch Osiris Games.",
  "version": "1.1",
  "compatibility": {
    "minimum": "11",
    "verified": "11"
  },
  "author": "Pardack",
  "packs": [
    {
      "label": "The Adventurer's Handbook Feats",
      "type": "Item",
      "name": "the-adventurers-handbook-feats",
      "path": "./packs/the-adventurers-handbook-feats.db",
      "system": "pf2e",
      "package": "adventurers-handbook",
      "private": false
    }
  ],
  "esmodules": [],
  "styles": [],
  "socket": false,
  "relationships": {
    "systems": [
      {
        "id": "pf2e",
        "type": "system",
        "compatibility": {
          "minimum": "5.6.0",
          "verified": "5.13.0"
        }
      }
    ]
  },
  "manifest": "https://github.com/mkniller/foundry-pf2e-adventurers-handbook/releases/latest/download/module.json",
  "download": "https://github.com/mkniller/foundry-pf2e-adventurers-handbook/archive/refs/tags/v1.1"
}
